{"version":1,"lastPerfBoundaries":[0.001,0.002,0.004,0.006,0.008,0.01,0.015,0.02,0.03,0.05,0.07,0.1,0.15,0.25,"+Inf"],"log":[{"ts":1730917477719,"type":"svBoot","duration":4},{"ts":1730917557207,"type":"data","players":0,"fxsMemory":167.16,"nodeMemory":12.11,"perf":{"svSync":{"count":9713,"sum":0.1630000000000001,"buckets":[9710,3,0,0,0,0,0,0,0,0,0,0,0,0,0]},"svNetwork":{"count":7852,"sum":0.2070000000000002,"buckets":[7851,0,1,0,0,0,0,0,0,0,0,0,0,0,0]},"svMain":{"count":1589,"sum":0.2210000000000001,"buckets":[1586,1,0,0,0,0,1,0,0,1,0,0,0,0,0]}}},{"ts":1730917857417,"type":"data","players":1,"fxsMemory":198.9,"nodeMemory":12.67,"perf":{"svSync":{"count":35027,"sum":1.609999999999917,"buckets":[34999,14,10,1,2,0,0,0,0,1,0,0,0,0,0]},"svNetwork":{"count":28792,"sum":2.219999999999844,"buckets":[28789,1,1,1,0,0,0,0,0,0,0,0,0,0,0]},"svMain":{"count":5924,"sum":1.119999999999964,"buckets":[5901,9,6,2,2,0,2,1,0,0,0,0,1,0,0]}}}]}